{
  "Use Non-ASCII Font" : false,
  "Tags" : [

  ],
  "Ansi 12 Color" : {
    "Green Component" : 0.59999999999999998,
    "Red Component" : 0.42352941176470588,
    "Blue Component" : 0.73333333333333328
  },
  "Ansi 6 Color" : {
    "Green Component" : 0.83853216239999995,
    "Red Component" : 0.49031879989999999,
    "Blue Component" : 0.8118151991
  },
  "Normal Font" : "Monaco 13",
  "Bold Color" : {
    "Green Component" : 0.81568628549575806,
    "Red Component" : 0.81568628549575806,
    "Blue Component" : 0.81568628549575806
  },
  "Ansi 0 Color" : {
    "Green Component" : 0.08235294371843338,
    "Red Component" : 0.08235294371843338,
    "Blue Component" : 0.08235294371843338
  },
  "Ansi 4 Color" : {
    "Green Component" : 0.59999999999999998,
    "Red Component" : 0.42352941179999998,
    "Blue Component" : 0.73333333329999995
  },
  "Ansi 5 Color" : {
    "Green Component" : 0.30697798579568808,
    "Red Component" : 0.62333851809954743,
    "Blue Component" : 0.52344669809931299
  },
  "Rows" : 25,
  "Default Bookmark" : "No",
  "Cursor Guide Color" : {
    "Red Component" : 0.70213186740875244,
    "Color Space" : "sRGB",
    "Blue Component" : 1,
    "Alpha Component" : 0.25,
    "Green Component" : 0.9268307089805603
  },
  "Non-ASCII Anti Aliased" : true,
  "Use Bright Bold" : true,
  "Ansi 10 Color" : {
    "Green Component" : 0.55576569570135748,
    "Red Component" : 0.49473804391474724,
    "Blue Component" : 0.31444666754949363
  },
  "Use Cursor Guide" : false,
  "Icon" : 0,
  "Ambiguous Double Width" : false,
  "Jobs to Ignore" : [
    "rlogin",
    "ssh",
    "slogin",
    "telnet"
  ],
  "Ansi 15 Color" : {
    "Green Component" : 0.96078431606292725,
    "Red Component" : 0.96078431606292725,
    "Blue Component" : 0.96078431606292725
  },
  "Foreground Color" : {
    "Green Component" : 0.81568628549575806,
    "Red Component" : 0.81568628549575806,
    "Blue Component" : 0.81568628549575806
  },
  "Working Directory" : "\/Users\/jimiao",
  "Use Tab Color" : false,
  "Blinking Cursor" : false,
  "Disable Window Resizing" : true,
  "Sync Title" : false,
  "Prompt Before Closing 2" : false,
  "BM Growl" : true,
  "Command" : "",
  "Description" : "Default",
  "Smart Cursor Color" : true,
  "Mouse Reporting" : true,
  "Screen" : -1,
  "Selection Color" : {
    "Green Component" : 0.18823529779911041,
    "Red Component" : 0.18823529779911041,
    "Blue Component" : 0.18823529779911041
  },
  "Only The Default BG Color Uses Transparency" : true,
  "Columns" : 80,
  "Idle Code" : 0,
  "Ansi 13 Color" : {
    "Green Component" : 0.30697798580000002,
    "Red Component" : 0.62333851809999996,
    "Blue Component" : 0.5234466981
  },
  "Custom Command" : "No",
  "ASCII Anti Aliased" : true,
  "Non Ascii Font" : "Monaco 12",
  "Vertical Spacing" : 1,
  "Use Bold Font" : true,
  "Option Key Sends" : 0,
  "Selected Text Color" : {
    "Green Component" : 0.81568628549575806,
    "Red Component" : 0.81568628549575806,
    "Blue Component" : 0.81568628549575806
  },
  "Background Color" : {
    "Green Component" : 0.1283406391402715,
    "Red Component" : 0.1283406391402715,
    "Blue Component" : 0.1283406391402715
  },
  "Character Encoding" : 4,
  "Ansi 11 Color" : {
    "Green Component" : 0.70980392160000005,
    "Red Component" : 0.8980392157,
    "Blue Component" : 0.4039215686
  },
  "Use Italic Font" : true,
  "Unlimited Scrollback" : false,
  "Keyboard Map" : {
    "0x7d-0x120000" : {
      "Action" : 38,
      "Text" : ":tabn\\r"
    },
    "0x7b-0x120000" : {
      "Action" : 38,
      "Text" : ":tabp\\r"
    }
  },
  "Window Type" : 0,
  "Cursor Boost" : 0.032320926966292136,
  "Blur Radius" : 7.7183038546954315,
  "Background Image Location" : "",
  "Blur" : true,
  "Badge Color" : {
    "Red Component" : 1,
    "Color Space" : "sRGB",
    "Blue Component" : 0,
    "Alpha Component" : 0.5,
    "Green Component" : 0.1491314172744751
  },
  "Initial Text" : "",
  "Scrollback Lines" : 1000,
  "Send Code When Idle" : false,
  "Close Sessions On End" : true,
  "Terminal Type" : "xterm-256color",
  "Visual Bell" : true,
  "Flashing Bell" : false,
  "Silence Bell" : false,
  "Use Underline Color" : false,
  "Ansi 14 Color" : {
    "Green Component" : 0.83853216239999995,
    "Red Component" : 0.49031879989999999,
    "Blue Component" : 0.8118151991
  },
  "Name" : "Default",
  "Cursor Text Color" : {
    "Green Component" : 0.08235294371843338,
    "Red Component" : 0.08235294371843338,
    "Blue Component" : 0.08235294371843338
  },
  "Minimum Contrast" : 0.36527876420454547,
  "Shortcut" : "",
  "Open Toolbelt" : false,
  "Cursor Color" : {
    "Green Component" : 0.81568628549575806,
    "Red Component" : 0.81568628549575806,
    "Blue Component" : 0.81568628549575806
  },
  "Transparency" : 0.30566307106598989,
  "Ansi 1 Color" : {
    "Green Component" : 0.25490197539999998,
    "Red Component" : 0.67450982329999998,
    "Blue Component" : 0.2588235438
  },
  "Horizontal Spacing" : 1,
  "Link Color" : {
    "Red Component" : 0,
    "Color Space" : "sRGB",
    "Blue Component" : 0.73423302173614502,
    "Alpha Component" : 1,
    "Green Component" : 0.35916060209274292
  },
  "Guid" : "1F4D2A49-6113-436A-936D-C58579A7CA42",
  "Ansi 2 Color" : {
    "Green Component" : 0.55576569570000001,
    "Red Component" : 0.49473804389999998,
    "Blue Component" : 0.3144466675
  },
  "Ansi 3 Color" : {
    "Green Component" : 0.70980392156862748,
    "Red Component" : 0.89803921568627454,
    "Blue Component" : 0.40392156862745099
  },
  "Ansi 7 Color" : {
    "Red Component" : 0.7049560546875,
    "Color Space" : "sRGB",
    "Blue Component" : 0.7049560546875,
    "Alpha Component" : 1,
    "Green Component" : 0.7049560546875
  },
  "Ansi 8 Color" : {
    "Green Component" : 0.31372550129890442,
    "Red Component" : 0.31372550129890442,
    "Blue Component" : 0.31372550129890442
  },
  "Ansi 9 Color" : {
    "Green Component" : 0.25490197539999998,
    "Red Component" : 0.67450982329999998,
    "Blue Component" : 0.2588235438
  },
  "Custom Directory" : "No",
  "Right Option Key Sends" : 0
}